,0,1,# of Shots 1,Example Paths 1,Example Categories 1
0,/Users/muhammadarbabarshad/Downloads/AgEval-datasets/severity-based-rice-disease/train/Severe Brownspot/BROWNSPOT5_121.jpg,Severe Brownspot,Severe Blast,"[""/Users/muhammadarbabarshad/Downloads/AgEval-datasets/severity-based-rice-disease/train/Severe Bacterial Blight/BACTERIALBLIGHT2_134.JPG""]","[""Severe Bacterial Blight""]"
1,/Users/muhammadarbabarshad/Downloads/AgEval-datasets/severity-based-rice-disease/train/Mild Bacterial Blight/BACTERAILBLIGHT5_195.jpg,Mild Bacterial Blight,Mild Blast,"[""/Users/muhammadarbabarshad/Downloads/AgEval-datasets/severity-based-rice-disease/train/Severe Tungro/TUNGRO3_234.JPG""]","[""Severe Tungro""]"
2,/Users/muhammadarbabarshad/Downloads/AgEval-datasets/severity-based-rice-disease/train/Severe Bacterial Blight/BACTERIALBLIGHT2_134.JPG,Severe Bacterial Blight,Severe Brownspot,"[""/Users/muhammadarbabarshad/Downloads/AgEval-datasets/severity-based-rice-disease/train/Mild Tungro/TUNGRO4_272.JPG""]","[""Mild Tungro""]"
3,/Users/muhammadarbabarshad/Downloads/AgEval-datasets/severity-based-rice-disease/train/Healthy/IMG_20190424_131045.jpg,Healthy,Severe Blast,"[""/Users/muhammadarbabarshad/Downloads/AgEval-datasets/severity-based-rice-disease/train/Mild Blast/BLAST2_082.jpg""]","[""Mild Blast""]"
4,/Users/muhammadarbabarshad/Downloads/AgEval-datasets/severity-based-rice-disease/train/Severe Tungro/TUNGRO3_234.JPG,Severe Tungro,Severe Blast,"[""/Users/muhammadarbabarshad/Downloads/AgEval-datasets/severity-based-rice-disease/train/Mild Blast/BLAST2_082.jpg""]","[""Mild Blast""]"
5,/Users/muhammadarbabarshad/Downloads/AgEval-datasets/severity-based-rice-disease/train/Mild Blast/BLAST2_082.jpg,Mild Blast,Severe Brownspot,"[""/Users/muhammadarbabarshad/Downloads/AgEval-datasets/severity-based-rice-disease/train/Severe Tungro/TUNGRO3_234.JPG""]","[""Severe Tungro""]"
6,/Users/muhammadarbabarshad/Downloads/AgEval-datasets/severity-based-rice-disease/train/Mild Tungro/TUNGRO4_272.JPG,Mild Tungro,Severe Tungro,"[""/Users/muhammadarbabarshad/Downloads/AgEval-datasets/severity-based-rice-disease/train/Severe Tungro/TUNGRO3_234.JPG""]","[""Severe Tungro""]"
7,/Users/muhammadarbabarshad/Downloads/AgEval-datasets/severity-based-rice-disease/train/Mild Brownspot/BROWNSPOT1_053.jpg,Mild Brownspot,Severe Blast,"[""/Users/muhammadarbabarshad/Downloads/AgEval-datasets/severity-based-rice-disease/train/Severe Tungro/TUNGRO3_234.JPG""]","[""Severe Tungro""]"
8,/Users/muhammadarbabarshad/Downloads/AgEval-datasets/severity-based-rice-disease/train/Severe Blast/BLAST5_016.jpg,Severe Blast,Severe Brownspot,"[""/Users/muhammadarbabarshad/Downloads/AgEval-datasets/severity-based-rice-disease/train/Mild Bacterial Blight/BACTERAILBLIGHT5_195.jpg""]","[""Mild Bacterial Blight""]"
