,0,1,# of Shots 0,# of Shots 8
0,/Users/muhammadarbabarshad/Downloads/AgEval-datasets/severity-based-rice-disease/train/Mild Bacterial Blight/BACTERAILBLIGHT5_195.jpg,Mild Bacterial Blight,Mild Blast,Mild Brownspot
1,/Users/muhammadarbabarshad/Downloads/AgEval-datasets/severity-based-rice-disease/train/Severe Bacterial Blight/BACTERIALBLIGHT2_134.JPG,Severe Bacterial Blight,Severe Brownspot,Severe Brownspot
2,/Users/muhammadarbabarshad/Downloads/AgEval-datasets/severity-based-rice-disease/train/Mild Tungro/TUNGRO4_272.JPG,Mild Tungro,Healthy,Severe Blast
3,/Users/muhammadarbabarshad/Downloads/AgEval-datasets/severity-based-rice-disease/train/Mild Blast/BLAST2_082.jpg,Mild Blast,Severe Brownspot,Mild Brownspot
4,/Users/muhammadarbabarshad/Downloads/AgEval-datasets/severity-based-rice-disease/train/Mild Brownspot/BROWNSPOT1_053.jpg,Mild Brownspot,Mild Brownspot,Mild Brownspot
5,/Users/muhammadarbabarshad/Downloads/AgEval-datasets/severity-based-rice-disease/train/Healthy/IMG_20190424_131045.jpg,Healthy,Healthy,Healthy
6,/Users/muhammadarbabarshad/Downloads/AgEval-datasets/severity-based-rice-disease/train/Severe Blast/BLAST5_016.jpg,Severe Blast,Severe Brownspot,Severe Blast
7,/Users/muhammadarbabarshad/Downloads/AgEval-datasets/severity-based-rice-disease/train/Severe Brownspot/BROWNSPOT5_121.jpg,Severe Brownspot,Mild Brownspot,Severe Brownspot
8,/Users/muhammadarbabarshad/Downloads/AgEval-datasets/severity-based-rice-disease/train/Severe Tungro/TUNGRO3_234.JPG,Severe Tungro,Mild Tungro,Mild Tungro
