,0,1,Embedding # of Shots 8,Embedding Example Paths 8,Embedding Example Categories 8,Embedding Same Category Count 8,Random # of Shots 8,Random Example Paths 8,Random Example Categories 8,Random Same Category Count 8,Random # of Shots 4,Random Example Paths 4,Random Example Categories 4,Random Same Category Count 4,Embedding # of Shots 4,Embedding Example Paths 4,Embedding Example Categories 4,Embedding Same Category Count 4,Random # of Shots 2,Random Example Paths 2,Random Example Categories 2,Random Same Category Count 2,Embedding # of Shots 2,Embedding Example Paths 2,Embedding Example Categories 2,Embedding Same Category Count 2,Random # of Shots 1,Random Example Paths 1,Random Example Categories 1,Random Same Category Count 1,Embedding # of Shots 1,Embedding Example Paths 1,Embedding Example Categories 1,Embedding Same Category Count 1,Random # of Shots 0,Random Example Paths 0,Random Example Categories 0,Random Same Category Count 0,Embedding # of Shots 0,Embedding Example Paths 0,Embedding Example Categories 0,Embedding Same Category Count 0
0,./data/deepweeds/images/20171109-093143-1.jpg,Rubber vine,Rubber vine,"['./data/deepweeds/images/20171113-142059-2.jpg', './data/deepweeds/images/20170126-095837-0.jpg', './data/deepweeds/images/20170705-165040-0.jpg', './data/deepweeds/images/20170920-095313-3.jpg', './data/deepweeds/images/20170811-162102-1.jpg', './data/deepweeds/images/20171025-100416-2.jpg', './data/deepweeds/images/20170727-113159-1.jpg', './data/deepweeds/images/20180125-100709-2.jpg']","['Siam weed', 'Lantana', 'Snake weed', 'Parkinsonia', 'Chinee apple', 'Parthenium', 'Prickly acacia', 'Negative']",0.0,Rubber vine,"['./data/deepweeds/images/20170705-165040-0.jpg', './data/deepweeds/images/20171025-100416-2.jpg', './data/deepweeds/images/20180125-100709-2.jpg', './data/deepweeds/images/20170727-113159-1.jpg', './data/deepweeds/images/20170811-162102-1.jpg', './data/deepweeds/images/20170920-095313-3.jpg', './data/deepweeds/images/20170126-095837-0.jpg', './data/deepweeds/images/20171113-142059-2.jpg']","['Snake weed', 'Parthenium', 'Negative', 'Prickly acacia', 'Chinee apple', 'Parkinsonia', 'Lantana', 'Siam weed']",0.0,Rubber vine,"['./data/deepweeds/images/20170126-095837-0.jpg', './data/deepweeds/images/20170920-095313-3.jpg', './data/deepweeds/images/20170727-113159-1.jpg', './data/deepweeds/images/20170811-162102-1.jpg']","['Lantana', 'Parkinsonia', 'Prickly acacia', 'Chinee apple']",0.0,Rubber vine,"['./data/deepweeds/images/20171113-142059-2.jpg', './data/deepweeds/images/20170126-095837-0.jpg', './data/deepweeds/images/20170705-165040-0.jpg', './data/deepweeds/images/20170920-095313-3.jpg']","['Siam weed', 'Lantana', 'Snake weed', 'Parkinsonia']",0.0,Negative,"['./data/deepweeds/images/20170705-165040-0.jpg', './data/deepweeds/images/20170811-162102-1.jpg']","['Snake weed', 'Chinee apple']",0.0,Negative,"['./data/deepweeds/images/20171113-142059-2.jpg', './data/deepweeds/images/20170126-095837-0.jpg']","['Siam weed', 'Lantana']",0.0,Rubber vine,['./data/deepweeds/images/20170705-165040-0.jpg'],['Snake weed'],0.0,Rubber vine,['./data/deepweeds/images/20171113-142059-2.jpg'],['Siam weed'],0.0,Parthenium,[],[],0.0,Negative,[],[],0.0
1,./data/deepweeds/images/20170126-095837-0.jpg,Lantana,Lantana,"['./data/deepweeds/images/20171113-142059-2.jpg', './data/deepweeds/images/20170705-165040-0.jpg', './data/deepweeds/images/20170920-095313-3.jpg', './data/deepweeds/images/20171109-093143-1.jpg', './data/deepweeds/images/20170811-162102-1.jpg', './data/deepweeds/images/20171025-100416-2.jpg', './data/deepweeds/images/20180125-100709-2.jpg', './data/deepweeds/images/20170727-113159-1.jpg']","['Siam weed', 'Snake weed', 'Parkinsonia', 'Rubber vine', 'Chinee apple', 'Parthenium', 'Negative', 'Prickly acacia']",0.0,Lantana,"['./data/deepweeds/images/20170920-095313-3.jpg', './data/deepweeds/images/20171109-093143-1.jpg', './data/deepweeds/images/20171025-100416-2.jpg', './data/deepweeds/images/20170811-162102-1.jpg', './data/deepweeds/images/20171113-142059-2.jpg', './data/deepweeds/images/20170705-165040-0.jpg', './data/deepweeds/images/20170727-113159-1.jpg', './data/deepweeds/images/20180125-100709-2.jpg']","['Parkinsonia', 'Rubber vine', 'Parthenium', 'Chinee apple', 'Siam weed', 'Snake weed', 'Prickly acacia', 'Negative']",0.0,Lantana,"['./data/deepweeds/images/20180125-100709-2.jpg', './data/deepweeds/images/20170727-113159-1.jpg', './data/deepweeds/images/20171113-142059-2.jpg', './data/deepweeds/images/20170705-165040-0.jpg']","['Negative', 'Prickly acacia', 'Siam weed', 'Snake weed']",0.0,Lantana,"['./data/deepweeds/images/20171113-142059-2.jpg', './data/deepweeds/images/20170705-165040-0.jpg', './data/deepweeds/images/20170920-095313-3.jpg', './data/deepweeds/images/20171109-093143-1.jpg']","['Siam weed', 'Snake weed', 'Parkinsonia', 'Rubber vine']",0.0,Lantana,"['./data/deepweeds/images/20170811-162102-1.jpg', './data/deepweeds/images/20171113-142059-2.jpg']","['Chinee apple', 'Siam weed']",0.0,Lantana,"['./data/deepweeds/images/20171113-142059-2.jpg', './data/deepweeds/images/20170705-165040-0.jpg']","['Siam weed', 'Snake weed']",0.0,Lantana,['./data/deepweeds/images/20170811-162102-1.jpg'],['Chinee apple'],0.0,Lantana,['./data/deepweeds/images/20171113-142059-2.jpg'],['Siam weed'],0.0,Snake weed,[],[],0.0,Siam weed,[],[],0.0
2,./data/deepweeds/images/20170727-113159-1.jpg,Prickly acacia,Prickly acacia,"['./data/deepweeds/images/20170811-162102-1.jpg', './data/deepweeds/images/20170920-095313-3.jpg', './data/deepweeds/images/20171025-100416-2.jpg', './data/deepweeds/images/20171109-093143-1.jpg', './data/deepweeds/images/20171113-142059-2.jpg', './data/deepweeds/images/20170705-165040-0.jpg', './data/deepweeds/images/20180125-100709-2.jpg', './data/deepweeds/images/20170126-095837-0.jpg']","['Chinee apple', 'Parkinsonia', 'Parthenium', 'Rubber vine', 'Siam weed', 'Snake weed', 'Negative', 'Lantana']",0.0,Prickly acacia,"['./data/deepweeds/images/20170920-095313-3.jpg', './data/deepweeds/images/20170126-095837-0.jpg', './data/deepweeds/images/20170705-165040-0.jpg', './data/deepweeds/images/20171113-142059-2.jpg', './data/deepweeds/images/20171109-093143-1.jpg', './data/deepweeds/images/20170811-162102-1.jpg', './data/deepweeds/images/20180125-100709-2.jpg', './data/deepweeds/images/20171025-100416-2.jpg']","['Parkinsonia', 'Lantana', 'Snake weed', 'Siam weed', 'Rubber vine', 'Chinee apple', 'Negative', 'Parthenium']",0.0,Prickly acacia,"['./data/deepweeds/images/20171109-093143-1.jpg', './data/deepweeds/images/20170705-165040-0.jpg', './data/deepweeds/images/20170126-095837-0.jpg', './data/deepweeds/images/20180125-100709-2.jpg']","['Rubber vine', 'Snake weed', 'Lantana', 'Negative']",0.0,Negative,"['./data/deepweeds/images/20170811-162102-1.jpg', './data/deepweeds/images/20170920-095313-3.jpg', './data/deepweeds/images/20171025-100416-2.jpg', './data/deepweeds/images/20171109-093143-1.jpg']","['Chinee apple', 'Parkinsonia', 'Parthenium', 'Rubber vine']",0.0,Siam weed,"['./data/deepweeds/images/20180125-100709-2.jpg', './data/deepweeds/images/20171113-142059-2.jpg']","['Negative', 'Siam weed']",0.0,Prickly acacia,"['./data/deepweeds/images/20170811-162102-1.jpg', './data/deepweeds/images/20170920-095313-3.jpg']","['Chinee apple', 'Parkinsonia']",0.0,Negative,['./data/deepweeds/images/20170920-095313-3.jpg'],['Parkinsonia'],0.0,Negative,['./data/deepweeds/images/20170811-162102-1.jpg'],['Chinee apple'],0.0,Negative,[],[],0.0,Negative,[],[],0.0
3,./data/deepweeds/images/20170811-162102-1.jpg,Chinee apple,Chinee apple,"['./data/deepweeds/images/20171025-100416-2.jpg', './data/deepweeds/images/20170727-113159-1.jpg', './data/deepweeds/images/20170920-095313-3.jpg', './data/deepweeds/images/20171113-142059-2.jpg', './data/deepweeds/images/20170126-095837-0.jpg', './data/deepweeds/images/20171109-093143-1.jpg', './data/deepweeds/images/20170705-165040-0.jpg', './data/deepweeds/images/20180125-100709-2.jpg']","['Parthenium', 'Prickly acacia', 'Parkinsonia', 'Siam weed', 'Lantana', 'Rubber vine', 'Snake weed', 'Negative']",0.0,Chinee apple,"['./data/deepweeds/images/20170727-113159-1.jpg', './data/deepweeds/images/20171109-093143-1.jpg', './data/deepweeds/images/20171025-100416-2.jpg', './data/deepweeds/images/20170920-095313-3.jpg', './data/deepweeds/images/20170705-165040-0.jpg', './data/deepweeds/images/20171113-142059-2.jpg', './data/deepweeds/images/20170126-095837-0.jpg', './data/deepweeds/images/20180125-100709-2.jpg']","['Prickly acacia', 'Rubber vine', 'Parthenium', 'Parkinsonia', 'Snake weed', 'Siam weed', 'Lantana', 'Negative']",0.0,Chinee apple,"['./data/deepweeds/images/20171025-100416-2.jpg', './data/deepweeds/images/20170727-113159-1.jpg', './data/deepweeds/images/20170126-095837-0.jpg', './data/deepweeds/images/20180125-100709-2.jpg']","['Parthenium', 'Prickly acacia', 'Lantana', 'Negative']",0.0,Chinee apple,"['./data/deepweeds/images/20171025-100416-2.jpg', './data/deepweeds/images/20170727-113159-1.jpg', './data/deepweeds/images/20170920-095313-3.jpg', './data/deepweeds/images/20171113-142059-2.jpg']","['Parthenium', 'Prickly acacia', 'Parkinsonia', 'Siam weed']",0.0,Chinee apple,"['./data/deepweeds/images/20170705-165040-0.jpg', './data/deepweeds/images/20170727-113159-1.jpg']","['Snake weed', 'Prickly acacia']",0.0,Chinee apple,"['./data/deepweeds/images/20171025-100416-2.jpg', './data/deepweeds/images/20170727-113159-1.jpg']","['Parthenium', 'Prickly acacia']",0.0,Chinee apple,['./data/deepweeds/images/20170705-165040-0.jpg'],['Snake weed'],0.0,Chinee apple,['./data/deepweeds/images/20171025-100416-2.jpg'],['Parthenium'],0.0,Chinee apple,[],[],0.0,Chinee apple,[],[],0.0
4,./data/deepweeds/images/20170920-095313-3.jpg,Parkinsonia,Parkinsonia,"['./data/deepweeds/images/20170705-165040-0.jpg', './data/deepweeds/images/20171113-142059-2.jpg', './data/deepweeds/images/20170126-095837-0.jpg', './data/deepweeds/images/20170811-162102-1.jpg', './data/deepweeds/images/20180125-100709-2.jpg', './data/deepweeds/images/20170727-113159-1.jpg', './data/deepweeds/images/20171025-100416-2.jpg', './data/deepweeds/images/20171109-093143-1.jpg']","['Snake weed', 'Siam weed', 'Lantana', 'Chinee apple', 'Negative', 'Prickly acacia', 'Parthenium', 'Rubber vine']",0.0,Parkinsonia,"['./data/deepweeds/images/20170126-095837-0.jpg', './data/deepweeds/images/20180125-100709-2.jpg', './data/deepweeds/images/20170811-162102-1.jpg', './data/deepweeds/images/20170727-113159-1.jpg', './data/deepweeds/images/20171025-100416-2.jpg', './data/deepweeds/images/20170705-165040-0.jpg', './data/deepweeds/images/20171109-093143-1.jpg', './data/deepweeds/images/20171113-142059-2.jpg']","['Lantana', 'Negative', 'Chinee apple', 'Prickly acacia', 'Parthenium', 'Snake weed', 'Rubber vine', 'Siam weed']",0.0,Parkinsonia,"['./data/deepweeds/images/20171025-100416-2.jpg', './data/deepweeds/images/20171109-093143-1.jpg', './data/deepweeds/images/20170811-162102-1.jpg', './data/deepweeds/images/20171113-142059-2.jpg']","['Parthenium', 'Rubber vine', 'Chinee apple', 'Siam weed']",0.0,Parkinsonia,"['./data/deepweeds/images/20170705-165040-0.jpg', './data/deepweeds/images/20171113-142059-2.jpg', './data/deepweeds/images/20170126-095837-0.jpg', './data/deepweeds/images/20170811-162102-1.jpg']","['Snake weed', 'Siam weed', 'Lantana', 'Chinee apple']",0.0,Parkinsonia,"['./data/deepweeds/images/20171109-093143-1.jpg', './data/deepweeds/images/20170811-162102-1.jpg']","['Rubber vine', 'Chinee apple']",0.0,Parkinsonia,"['./data/deepweeds/images/20170705-165040-0.jpg', './data/deepweeds/images/20171113-142059-2.jpg']","['Snake weed', 'Siam weed']",0.0,Parkinsonia,['./data/deepweeds/images/20171109-093143-1.jpg'],['Rubber vine'],0.0,Parkinsonia,['./data/deepweeds/images/20170705-165040-0.jpg'],['Snake weed'],0.0,Parkinsonia,[],[],0.0,Parkinsonia,[],[],0.0
5,./data/deepweeds/images/20180125-100709-2.jpg,Negative,Negative,"['./data/deepweeds/images/20170920-095313-3.jpg', './data/deepweeds/images/20170705-165040-0.jpg', './data/deepweeds/images/20170126-095837-0.jpg', './data/deepweeds/images/20171109-093143-1.jpg', './data/deepweeds/images/20170811-162102-1.jpg', './data/deepweeds/images/20171113-142059-2.jpg', './data/deepweeds/images/20170727-113159-1.jpg', './data/deepweeds/images/20171025-100416-2.jpg']","['Parkinsonia', 'Snake weed', 'Lantana', 'Rubber vine', 'Chinee apple', 'Siam weed', 'Prickly acacia', 'Parthenium']",0.0,Negative,"['./data/deepweeds/images/20171025-100416-2.jpg', './data/deepweeds/images/20170727-113159-1.jpg', './data/deepweeds/images/20170920-095313-3.jpg', './data/deepweeds/images/20170705-165040-0.jpg', './data/deepweeds/images/20170126-095837-0.jpg', './data/deepweeds/images/20171113-142059-2.jpg', './data/deepweeds/images/20170811-162102-1.jpg', './data/deepweeds/images/20171109-093143-1.jpg']","['Parthenium', 'Prickly acacia', 'Parkinsonia', 'Snake weed', 'Lantana', 'Siam weed', 'Chinee apple', 'Rubber vine']",0.0,Negative,"['./data/deepweeds/images/20170920-095313-3.jpg', './data/deepweeds/images/20171113-142059-2.jpg', './data/deepweeds/images/20170705-165040-0.jpg', './data/deepweeds/images/20171109-093143-1.jpg']","['Parkinsonia', 'Siam weed', 'Snake weed', 'Rubber vine']",0.0,NA,NA,NA,NA,Negative,"['./data/deepweeds/images/20171109-093143-1.jpg', './data/deepweeds/images/20171025-100416-2.jpg']","['Rubber vine', 'Parthenium']",0.0,Negative,"['./data/deepweeds/images/20170920-095313-3.jpg', './data/deepweeds/images/20170705-165040-0.jpg']","['Parkinsonia', 'Snake weed']",0.0,Negative,['./data/deepweeds/images/20171113-142059-2.jpg'],['Siam weed'],0.0,Negative,['./data/deepweeds/images/20170920-095313-3.jpg'],['Parkinsonia'],0.0,Negative,[],[],0.0,Negative,[],[],0.0
6,./data/deepweeds/images/20171113-142059-2.jpg,Siam weed,Parthenium,"['./data/deepweeds/images/20170126-095837-0.jpg', './data/deepweeds/images/20170920-095313-3.jpg', './data/deepweeds/images/20171109-093143-1.jpg', './data/deepweeds/images/20170705-165040-0.jpg', './data/deepweeds/images/20170811-162102-1.jpg', './data/deepweeds/images/20171025-100416-2.jpg', './data/deepweeds/images/20170727-113159-1.jpg', './data/deepweeds/images/20180125-100709-2.jpg']","['Lantana', 'Parkinsonia', 'Rubber vine', 'Snake weed', 'Chinee apple', 'Parthenium', 'Prickly acacia', 'Negative']",0.0,Parthenium,"['./data/deepweeds/images/20170126-095837-0.jpg', './data/deepweeds/images/20180125-100709-2.jpg', './data/deepweeds/images/20170705-165040-0.jpg', './data/deepweeds/images/20170920-095313-3.jpg', './data/deepweeds/images/20171109-093143-1.jpg', './data/deepweeds/images/20170811-162102-1.jpg', './data/deepweeds/images/20170727-113159-1.jpg', './data/deepweeds/images/20171025-100416-2.jpg']","['Lantana', 'Negative', 'Snake weed', 'Parkinsonia', 'Rubber vine', 'Chinee apple', 'Prickly acacia', 'Parthenium']",0.0,Parthenium,"['./data/deepweeds/images/20171025-100416-2.jpg', './data/deepweeds/images/20180125-100709-2.jpg', './data/deepweeds/images/20170126-095837-0.jpg', './data/deepweeds/images/20170920-095313-3.jpg']","['Parthenium', 'Negative', 'Lantana', 'Parkinsonia']",0.0,Chinee apple,"['./data/deepweeds/images/20170126-095837-0.jpg', './data/deepweeds/images/20170920-095313-3.jpg', './data/deepweeds/images/20171109-093143-1.jpg', './data/deepweeds/images/20170705-165040-0.jpg']","['Lantana', 'Parkinsonia', 'Rubber vine', 'Snake weed']",0.0,Parthenium,"['./data/deepweeds/images/20170705-165040-0.jpg', './data/deepweeds/images/20171109-093143-1.jpg']","['Snake weed', 'Rubber vine']",0.0,Parthenium,"['./data/deepweeds/images/20170126-095837-0.jpg', './data/deepweeds/images/20170920-095313-3.jpg']","['Lantana', 'Parkinsonia']",0.0,Parthenium,['./data/deepweeds/images/20170126-095837-0.jpg'],['Lantana'],0.0,Parthenium,['./data/deepweeds/images/20170126-095837-0.jpg'],['Lantana'],0.0,Parthenium,[],[],0.0,Parthenium,[],[],0.0
7,./data/deepweeds/images/20170705-165040-0.jpg,Snake weed,Snake weed,"['./data/deepweeds/images/20170920-095313-3.jpg', './data/deepweeds/images/20170126-095837-0.jpg', './data/deepweeds/images/20171113-142059-2.jpg', './data/deepweeds/images/20180125-100709-2.jpg', './data/deepweeds/images/20171109-093143-1.jpg', './data/deepweeds/images/20170811-162102-1.jpg', './data/deepweeds/images/20170727-113159-1.jpg', './data/deepweeds/images/20171025-100416-2.jpg']","['Parkinsonia', 'Lantana', 'Siam weed', 'Negative', 'Rubber vine', 'Chinee apple', 'Prickly acacia', 'Parthenium']",0.0,Snake weed,"['./data/deepweeds/images/20170126-095837-0.jpg', './data/deepweeds/images/20171113-142059-2.jpg', './data/deepweeds/images/20171025-100416-2.jpg', './data/deepweeds/images/20170811-162102-1.jpg', './data/deepweeds/images/20170727-113159-1.jpg', './data/deepweeds/images/20170920-095313-3.jpg', './data/deepweeds/images/20171109-093143-1.jpg', './data/deepweeds/images/20180125-100709-2.jpg']","['Lantana', 'Siam weed', 'Parthenium', 'Chinee apple', 'Prickly acacia', 'Parkinsonia', 'Rubber vine', 'Negative']",0.0,Negative,"['./data/deepweeds/images/20171025-100416-2.jpg', './data/deepweeds/images/20171113-142059-2.jpg', './data/deepweeds/images/20170126-095837-0.jpg', './data/deepweeds/images/20170811-162102-1.jpg']","['Parthenium', 'Siam weed', 'Lantana', 'Chinee apple']",0.0,Prickly acacia,"['./data/deepweeds/images/20170920-095313-3.jpg', './data/deepweeds/images/20170126-095837-0.jpg', './data/deepweeds/images/20171113-142059-2.jpg', './data/deepweeds/images/20180125-100709-2.jpg']","['Parkinsonia', 'Lantana', 'Siam weed', 'Negative']",0.0,Negative,"['./data/deepweeds/images/20170920-095313-3.jpg', './data/deepweeds/images/20171109-093143-1.jpg']","['Parkinsonia', 'Rubber vine']",0.0,Negative,"['./data/deepweeds/images/20170920-095313-3.jpg', './data/deepweeds/images/20170126-095837-0.jpg']","['Parkinsonia', 'Lantana']",0.0,Parthenium,['./data/deepweeds/images/20171113-142059-2.jpg'],['Siam weed'],0.0,Negative,['./data/deepweeds/images/20170920-095313-3.jpg'],['Parkinsonia'],0.0,Negative,[],[],0.0,Negative,[],[],0.0
8,./data/deepweeds/images/20171025-100416-2.jpg,Parthenium,Parthenium,"['./data/deepweeds/images/20170811-162102-1.jpg', './data/deepweeds/images/20170920-095313-3.jpg', './data/deepweeds/images/20170727-113159-1.jpg', './data/deepweeds/images/20171109-093143-1.jpg', './data/deepweeds/images/20170126-095837-0.jpg', './data/deepweeds/images/20171113-142059-2.jpg', './data/deepweeds/images/20170705-165040-0.jpg', './data/deepweeds/images/20180125-100709-2.jpg']","['Chinee apple', 'Parkinsonia', 'Prickly acacia', 'Rubber vine', 'Lantana', 'Siam weed', 'Snake weed', 'Negative']",0.0,Parthenium,"['./data/deepweeds/images/20170727-113159-1.jpg', './data/deepweeds/images/20170811-162102-1.jpg', './data/deepweeds/images/20171113-142059-2.jpg', './data/deepweeds/images/20170705-165040-0.jpg', './data/deepweeds/images/20171109-093143-1.jpg', './data/deepweeds/images/20170126-095837-0.jpg', './data/deepweeds/images/20180125-100709-2.jpg', './data/deepweeds/images/20170920-095313-3.jpg']","['Prickly acacia', 'Chinee apple', 'Siam weed', 'Snake weed', 'Rubber vine', 'Lantana', 'Negative', 'Parkinsonia']",0.0,Parthenium,"['./data/deepweeds/images/20180125-100709-2.jpg', './data/deepweeds/images/20170920-095313-3.jpg', './data/deepweeds/images/20170705-165040-0.jpg', './data/deepweeds/images/20171113-142059-2.jpg']","['Negative', 'Parkinsonia', 'Snake weed', 'Siam weed']",0.0,Parthenium,"['./data/deepweeds/images/20170811-162102-1.jpg', './data/deepweeds/images/20170920-095313-3.jpg', './data/deepweeds/images/20170727-113159-1.jpg', './data/deepweeds/images/20171109-093143-1.jpg']","['Chinee apple', 'Parkinsonia', 'Prickly acacia', 'Rubber vine']",0.0,Parthenium,"['./data/deepweeds/images/20170811-162102-1.jpg', './data/deepweeds/images/20170705-165040-0.jpg']","['Chinee apple', 'Snake weed']",0.0,Parthenium,"['./data/deepweeds/images/20170811-162102-1.jpg', './data/deepweeds/images/20170920-095313-3.jpg']","['Chinee apple', 'Parkinsonia']",0.0,Parthenium,['./data/deepweeds/images/20180125-100709-2.jpg'],['Negative'],0.0,Parthenium,['./data/deepweeds/images/20170811-162102-1.jpg'],['Chinee apple'],0.0,Parthenium,[],[],0.0,Parthenium,[],[],0.0
