,0,1,# of Shots 0,Example Paths 0,Example Categories 0
0,/Users/muhammadarbabarshad/Downloads/AgEval-datasets/ip02-dataset/classification/train/30/24420.jpg,wheat blossom midge,grain spreader thrips,[],[]
1,/Users/muhammadarbabarshad/Downloads/AgEval-datasets/ip02-dataset/classification/train/67/46477.jpg,Lycorma delicatula,panonchus citri McGregor,[],[]
2,/Users/muhammadarbabarshad/Downloads/AgEval-datasets/ip02-dataset/classification/train/62/43298.jpg,oides decempunctata,Tetradacus c Bactrocera minax,[],[]
3,/Users/muhammadarbabarshad/Downloads/AgEval-datasets/ip02-dataset/classification/train/47/32965.jpg,tarnished plant bug,Miridae,[],[]
4,/Users/muhammadarbabarshad/Downloads/AgEval-datasets/ip02-dataset/classification/train/42/29824.jpg,beet weevil,Deporaus marginatus Pascoe,[],[]
5,/Users/muhammadarbabarshad/Downloads/AgEval-datasets/ip02-dataset/classification/train/40/29284.jpg,Beet spot flies,cerodonta denticornis,[],[]
6,/Users/muhammadarbabarshad/Downloads/AgEval-datasets/ip02-dataset/classification/train/90/65063.jpg,Toxoptera aurantii,Miridae,[],[]
7,/Users/muhammadarbabarshad/Downloads/AgEval-datasets/ip02-dataset/classification/train/45/30801.jpg,flax budworm,beet army worm,[],[]
8,/Users/muhammadarbabarshad/Downloads/AgEval-datasets/ip02-dataset/classification/train/10/07219.jpg,rice water weevil,small brown plant hopper,[],[]
9,/Users/muhammadarbabarshad/Downloads/AgEval-datasets/ip02-dataset/classification/train/0/00414.jpg,rice leaf roller,rice leaf roller,[],[]
10,/Users/muhammadarbabarshad/Downloads/AgEval-datasets/ip02-dataset/classification/train/18/12399.jpg,black cutworm,mole cricket,[],[]
11,/Users/muhammadarbabarshad/Downloads/AgEval-datasets/ip02-dataset/classification/train/31/24664.jpg,penthaleus major,red spider,[],[]
12,/Users/muhammadarbabarshad/Downloads/AgEval-datasets/ip02-dataset/classification/train/97/68298.jpg,Chlumetia transversa,rice leaf roller,[],[]
13,/Users/muhammadarbabarshad/Downloads/AgEval-datasets/ip02-dataset/classification/train/85/62626.jpg,Bactrocera tsuneonis,Tetradacus c Bactrocera minax,[],[]
14,/Users/muhammadarbabarshad/Downloads/AgEval-datasets/ip02-dataset/classification/train/76/59314.jpg,Icerya purchasi Maskell,Icerya purchasi Maskell,[],[]
15,/Users/muhammadarbabarshad/Downloads/AgEval-datasets/ip02-dataset/classification/train/4/03137.jpg,yellow rice borer,asiatic rice borer,[],[]
16,/Users/muhammadarbabarshad/Downloads/AgEval-datasets/ip02-dataset/classification/train/79/60745.jpg,Chrysomphalus aonidum,rice shell pest,[],[]
17,/Users/muhammadarbabarshad/Downloads/AgEval-datasets/ip02-dataset/classification/train/33/25154.jpg,wheat phloeothrips,wheat sawfly,[],[]
18,/Users/muhammadarbabarshad/Downloads/AgEval-datasets/ip02-dataset/classification/train/12/07986.jpg,grain spreader thrips,paddy stem maggot,[],[]
19,/Users/muhammadarbabarshad/Downloads/AgEval-datasets/ip02-dataset/classification/train/26/21900.jpg,peach borer,asiatic rice borer,[],[]
20,/Users/muhammadarbabarshad/Downloads/AgEval-datasets/ip02-dataset/classification/train/100/69409.jpg,Sternochetus frigidus,Mango flat beak leafhopper,[],[]
21,/Users/muhammadarbabarshad/Downloads/AgEval-datasets/ip02-dataset/classification/train/53/39009.jpg,odontothrips loti,Thrips,[],[]
22,/Users/muhammadarbabarshad/Downloads/AgEval-datasets/ip02-dataset/classification/train/22/15145.jpg,corn borer,asiatic rice borer,[],[]
23,/Users/muhammadarbabarshad/Downloads/AgEval-datasets/ip02-dataset/classification/train/68/50011.jpg,Xylotrechus,Xylotrechus,[],[]
24,/Users/muhammadarbabarshad/Downloads/AgEval-datasets/ip02-dataset/classification/train/44/30725.jpg,alfalfa weevil,alfalfa weevil,[],[]
25,/Users/muhammadarbabarshad/Downloads/AgEval-datasets/ip02-dataset/classification/train/98/68379.jpg,Mango flat beak leafhopper,Cicadella viridis,[],[]
26,/Users/muhammadarbabarshad/Downloads/AgEval-datasets/ip02-dataset/classification/train/15/10913.jpg,mole cricket,mole cricket,[],[]
27,/Users/muhammadarbabarshad/Downloads/AgEval-datasets/ip02-dataset/classification/train/73/58415.jpg,Papilio xuthus,Papilio xuthus,[],[]
28,/Users/muhammadarbabarshad/Downloads/AgEval-datasets/ip02-dataset/classification/train/39/28741.jpg,beet army worm,meadow moth,[],[]
29,/Users/muhammadarbabarshad/Downloads/AgEval-datasets/ip02-dataset/classification/train/9/06554.jpg,small brown plant hopper,rice gall midge,[],[]
30,/Users/muhammadarbabarshad/Downloads/AgEval-datasets/ip02-dataset/classification/train/84/62093.jpg,Dacus dorsalis(Hendel),Bactrocera tsuneonis,[],[]
31,/Users/muhammadarbabarshad/Downloads/AgEval-datasets/ip02-dataset/classification/train/11/07449.jpg,rice leafhopper,small brown plant hopper,[],[]
32,/Users/muhammadarbabarshad/Downloads/AgEval-datasets/ip02-dataset/classification/train/101/69529.jpg,Cicadellidae,Cicadella viridis,[],[]
33,/Users/muhammadarbabarshad/Downloads/AgEval-datasets/ip02-dataset/classification/train/55/40034.jpg,alfalfa seed chalcid,rice leaf caterpillar,[],[]
34,/Users/muhammadarbabarshad/Downloads/AgEval-datasets/ip02-dataset/classification/train/28/23168.jpg,green bug,aphids,[],[]
35,/Users/muhammadarbabarshad/Downloads/AgEval-datasets/ip02-dataset/classification/train/64/43626.jpg,Pseudococcus comstocki Kuwana,Aleurocanthus spiniferus,[],[]
36,/Users/muhammadarbabarshad/Downloads/AgEval-datasets/ip02-dataset/classification/train/5/03490.jpg,rice gall midge,rice gall midge,[],[]
37,/Users/muhammadarbabarshad/Downloads/AgEval-datasets/ip02-dataset/classification/train/78/60558.jpg,Ceroplastes rubens,Ceroplastes rubens,[],[]
38,/Users/muhammadarbabarshad/Downloads/AgEval-datasets/ip02-dataset/classification/train/65/43831.jpg,parathrene regalis,parathrene regalis,[],[]
39,/Users/muhammadarbabarshad/Downloads/AgEval-datasets/ip02-dataset/classification/train/35/25842.jpg,cerodonta denticornis,rice gall midge,[],[]
40,/Users/muhammadarbabarshad/Downloads/AgEval-datasets/ip02-dataset/classification/train/16/11573.jpg,wireworm,paddy stem maggot,[],[]
41,/Users/muhammadarbabarshad/Downloads/AgEval-datasets/ip02-dataset/classification/train/91/65384.jpg,Aphis citricola Vander Goot,aphids,[],[]
42,/Users/muhammadarbabarshad/Downloads/AgEval-datasets/ip02-dataset/classification/train/34/25574.jpg,wheat sawfly,yellow rice borer,[],[]
43,/Users/muhammadarbabarshad/Downloads/AgEval-datasets/ip02-dataset/classification/train/7/04375.jpg,brown plant hopper,NA,NA,NA
44,/Users/muhammadarbabarshad/Downloads/AgEval-datasets/ip02-dataset/classification/train/43/30115.jpg,sericaorient alismots chulsky,sericaorient alismots chulsky,[],[]
45,/Users/muhammadarbabarshad/Downloads/AgEval-datasets/ip02-dataset/classification/train/72/58192.jpg,Erythroneura apicalis,rice leafhopper,[],[]
46,/Users/muhammadarbabarshad/Downloads/AgEval-datasets/ip02-dataset/classification/train/27/22989.jpg,english grain aphid,white backed plant hopper,[],[]
47,/Users/muhammadarbabarshad/Downloads/AgEval-datasets/ip02-dataset/classification/train/19/12911.jpg,large cutworm,army worm,[],[]
48,/Users/muhammadarbabarshad/Downloads/AgEval-datasets/ip02-dataset/classification/train/83/62008.jpg,Tetradacus c Bactrocera minax,rice leafhopper,[],[]
49,/Users/muhammadarbabarshad/Downloads/AgEval-datasets/ip02-dataset/classification/train/25/21487.jpg,Potosiabre vitarsis,grub,[],[]
50,/Users/muhammadarbabarshad/Downloads/AgEval-datasets/ip02-dataset/classification/train/77/59985.jpg,Unaspis yanonensis,Aphis citricola Vander Goot,[],[]
51,/Users/muhammadarbabarshad/Downloads/AgEval-datasets/ip02-dataset/classification/train/49/34898.jpg,lytta polita,lytta polita,[],[]
52,/Users/muhammadarbabarshad/Downloads/AgEval-datasets/ip02-dataset/classification/train/13/08343.jpg,rice shell pest,white margined moth,[],[]
53,/Users/muhammadarbabarshad/Downloads/AgEval-datasets/ip02-dataset/classification/train/24/19019.jpg,aphids,Aphis citricola Vander Goot,[],[]
54,/Users/muhammadarbabarshad/Downloads/AgEval-datasets/ip02-dataset/classification/train/3/02103.jpg,asiatic rice borer,rice gall midge,[],[]
55,/Users/muhammadarbabarshad/Downloads/AgEval-datasets/ip02-dataset/classification/train/17/11858.jpg,white margined moth,asiatic rice borer,[],[]
56,/Users/muhammadarbabarshad/Downloads/AgEval-datasets/ip02-dataset/classification/train/38/26953.jpg,cabbage army worm,asiatic rice borer,[],[]
57,/Users/muhammadarbabarshad/Downloads/AgEval-datasets/ip02-dataset/classification/train/8/05489.jpg,white backed plant hopper,white backed plant hopper,[],[]
58,/Users/muhammadarbabarshad/Downloads/AgEval-datasets/ip02-dataset/classification/train/80/60873.jpg,Parlatoria zizyphus Lucus,Toxoptera citricidus,[],[]
59,/Users/muhammadarbabarshad/Downloads/AgEval-datasets/ip02-dataset/classification/train/6/04277.jpg,Rice Stemfly,asiatic rice borer,[],[]
60,/Users/muhammadarbabarshad/Downloads/AgEval-datasets/ip02-dataset/classification/train/66/44469.jpg,Ampelophaga,Ampelophaga,[],[]
61,/Users/muhammadarbabarshad/Downloads/AgEval-datasets/ip02-dataset/classification/train/36/25866.jpg,beet fly,paddy stem maggot,[],[]
62,/Users/muhammadarbabarshad/Downloads/AgEval-datasets/ip02-dataset/classification/train/89/64753.jpg,Toxoptera citricidus,aphids,[],[]
63,/Users/muhammadarbabarshad/Downloads/AgEval-datasets/ip02-dataset/classification/train/56/40317.jpg,Pieris canidia,Pieris canidia,[],[]
64,/Users/muhammadarbabarshad/Downloads/AgEval-datasets/ip02-dataset/classification/train/95/67542.jpg,Salurnis marginella Guerr,Mango flat beak leafhopper,[],[]
65,/Users/muhammadarbabarshad/Downloads/AgEval-datasets/ip02-dataset/classification/train/54/39240.jpg,Thrips,Colomerus vitis,[],[]
66,/Users/muhammadarbabarshad/Downloads/AgEval-datasets/ip02-dataset/classification/train/50/35848.jpg,legume blister beetle,lytta polita,[],[]
67,/Users/muhammadarbabarshad/Downloads/AgEval-datasets/ip02-dataset/classification/train/69/51400.jpg,Cicadella viridis,Cicadella viridis,[],[]
68,/Users/muhammadarbabarshad/Downloads/AgEval-datasets/ip02-dataset/classification/train/46/32032.jpg,alfalfa plant bug,rice leafhopper,[],[]
69,/Users/muhammadarbabarshad/Downloads/AgEval-datasets/ip02-dataset/classification/train/70/55207.jpg,Miridae,Apolygus lucorum,[],[]
70,/Users/muhammadarbabarshad/Downloads/AgEval-datasets/ip02-dataset/classification/train/61/42974.jpg,Brevipoalpus lewisi McGregor,longlegged spider mite,[],[]
71,/Users/muhammadarbabarshad/Downloads/AgEval-datasets/ip02-dataset/classification/train/99/68662.jpg,Rhytidodera bowrinii white,Xylotrechus,[],[]
72,/Users/muhammadarbabarshad/Downloads/AgEval-datasets/ip02-dataset/classification/train/81/60942.jpg,Nipaecoccus vastalor,Aleurocanthus spiniferus,[],[]
73,/Users/muhammadarbabarshad/Downloads/AgEval-datasets/ip02-dataset/classification/train/41/29750.jpg,meadow moth,rice leaf roller,[],[]
74,/Users/muhammadarbabarshad/Downloads/AgEval-datasets/ip02-dataset/classification/train/58/41158.jpg,Limacodidae,Limacodidae,[],[]
75,/Users/muhammadarbabarshad/Downloads/AgEval-datasets/ip02-dataset/classification/train/48/34400.jpg,Locustoidea,Locustoidea,[],[]
76,/Users/muhammadarbabarshad/Downloads/AgEval-datasets/ip02-dataset/classification/train/88/64465.jpg,Phyllocnistis citrella Stainton,Phyllocnistis citrella Stainton,[],[]
77,/Users/muhammadarbabarshad/Downloads/AgEval-datasets/ip02-dataset/classification/train/57/40678.jpg,Apolygus lucorum,Apolygus lucorum,[],[]
78,/Users/muhammadarbabarshad/Downloads/AgEval-datasets/ip02-dataset/classification/train/75/59151.jpg,Phyllocoptes oleiverus ashmead,Panonchus citri McGregor,[],[]
79,/Users/muhammadarbabarshad/Downloads/AgEval-datasets/ip02-dataset/classification/train/32/24879.jpg,longlegged spider mite,Panonchus citri McGregor,[],[]
80,/Users/muhammadarbabarshad/Downloads/AgEval-datasets/ip02-dataset/classification/train/96/68032.jpg,Deporaus marginatus Pascoe,beet weevil,[],[]
81,/Users/muhammadarbabarshad/Downloads/AgEval-datasets/ip02-dataset/classification/train/59/42703.jpg,Viteus vitifoliae,rice gall midge,[],[]
82,/Users/muhammadarbabarshad/Downloads/AgEval-datasets/ip02-dataset/classification/train/63/43391.jpg,Polyphagotars onemus latus,Prodenia litura,[],[]
83,/Users/muhammadarbabarshad/Downloads/AgEval-datasets/ip02-dataset/classification/train/94/66994.jpg,Lawana imitata Melichar,Lawana imitata Melichar,[],[]
84,/Users/muhammadarbabarshad/Downloads/AgEval-datasets/ip02-dataset/classification/train/37/26097.jpg,flea beetle,flea beetle,[],[]
85,/Users/muhammadarbabarshad/Downloads/AgEval-datasets/ip02-dataset/classification/train/29/23775.jpg,bird cherry-oataphid,aphids,[],[]
86,/Users/muhammadarbabarshad/Downloads/AgEval-datasets/ip02-dataset/classification/train/1/01306.jpg,rice leaf caterpillar,rice leaf caterpillar,[],[]
87,/Users/muhammadarbabarshad/Downloads/AgEval-datasets/ip02-dataset/classification/train/52/38748.jpg,therioaphis maculata Buckton,aphids,[],[]
88,/Users/muhammadarbabarshad/Downloads/AgEval-datasets/ip02-dataset/classification/train/21/13994.jpg,red spider,red spider,[],[]
89,/Users/muhammadarbabarshad/Downloads/AgEval-datasets/ip02-dataset/classification/train/2/01731.jpg,paddy stem maggot,paddy stem maggot,[],[]
90,/Users/muhammadarbabarshad/Downloads/AgEval-datasets/ip02-dataset/classification/train/23/16030.jpg,army worm,army worm,[],[]
91,/Users/muhammadarbabarshad/Downloads/AgEval-datasets/ip02-dataset/classification/train/87/64197.jpg,Adristyrannus,Chlumetia transversa,[],[]
92,/Users/muhammadarbabarshad/Downloads/AgEval-datasets/ip02-dataset/classification/train/93/66423.jpg,Dasineura sp,Miridae,[],[]
93,/Users/muhammadarbabarshad/Downloads/AgEval-datasets/ip02-dataset/classification/train/74/58828.jpg,Panonchus citri McGregor,Panonchus citri McGregor,[],[]
94,/Users/muhammadarbabarshad/Downloads/AgEval-datasets/ip02-dataset/classification/train/86/62726.jpg,Prodenia litura,army worm,[],[]
95,/Users/muhammadarbabarshad/Downloads/AgEval-datasets/ip02-dataset/classification/train/82/61699.jpg,Aleurocanthus spiniferus,Panonchus citri McGregor,[],[]
96,/Users/muhammadarbabarshad/Downloads/AgEval-datasets/ip02-dataset/classification/train/20/13577.jpg,yellow cutworm,black cutworm,[],[]
97,/Users/muhammadarbabarshad/Downloads/AgEval-datasets/ip02-dataset/classification/train/60/42835.jpg,Colomerus vitis,Viteus vitifoliae,[],[]
98,/Users/muhammadarbabarshad/Downloads/AgEval-datasets/ip02-dataset/classification/train/71/57726.jpg,Trialeurodes vaporariorum,Trialeurodes vaporariorum,[],[]
99,/Users/muhammadarbabarshad/Downloads/AgEval-datasets/ip02-dataset/classification/train/14/08842.jpg,grub,grub,[],[]
100,/Users/muhammadarbabarshad/Downloads/AgEval-datasets/ip02-dataset/classification/train/92/66257.jpg,Scirtothrips dorsalis Hood,rice leaf roller,[],[]
101,/Users/muhammadarbabarshad/Downloads/AgEval-datasets/ip02-dataset/classification/train/51/37726.jpg,blister beetle,Xylotrechus,[],[]
